FCI,slug,nazov,vyska_verejna,hmotnost_verejna,sekcia_verejna,image_url,zistenia,obrazok_http_status,obrazok_content_type
171,ardensky-bouvier,Ardenský bouvier,52–62 cm,22–35 kg,Pastierske psy okrem švajčiarskych salašníckych psov,/media/articles/2026/057d9ec3-609f-4bb1-bc9b-23da064bc2af.webp,editorial_complete=0,200,image/webp
293,australska-kelpia,Austrálska kelpia,43–51 cm,,Ovčiarske psy,/media/articles/2026/3d3154b2-6406-4dbe-a7df-77f2afa14583.png,chybajuca verejna hmotnost; editorial_complete=0,200,image/png
287,australsky-dobytkarsky-pes,Austrálsky dobytkársky pes,43–51 cm,,Pastierske psy okrem švajčiarskych salašníckych psov,/media/articles/2026/7b630c11-2d36-4bfb-a635-5f99666b46b8.webp,chybajuca verejna hmotnost; editorial_complete=0,200,image/webp
342,australsky-ovciak,Austrálsky ovčiak,46–58 cm,16–32 kg,Ovčiarske psy,/images/breeds/australsky-ovciak.webp,editorial_complete=0,200,image/webp
271,bearded-kolia,Bearded kólia,51–56 cm,,Ovčiarske psy,/media/articles/2026/f2900488-f1a7-4572-9ac4-ddd4fff6a02d.png,chybajuca verejna hmotnost; editorial_complete=0,200,image/png
44,beauceron,Beauceron,61–70 cm,,Ovčiarske psy,/media/articles/2026/6b58cae1-6c6f-4a38-a6e6-8a9641408398.png,chybajuca verejna hmotnost; editorial_complete=0,200,image/png
15,belgicky-ovciak,Belgický ovčiak,56–66 cm,20–30 kg,Ovčiarske psy,/media/articles/2026/13300f5e-5821-4225-84f2-c06353ed5303.png,editorial_complete=0,200,image/png
194,bergamsky-ovciak,Bergamský ovčiak,54–62 cm,26–38 kg,Ovčiarske psy,/media/articles/2026/9e5e0d71-a9ea-4013-a173-3775579a064d.webp,editorial_complete=0,200,image/webp
347,biely-svajciarsky-ovciak,Biely švajčiarsky ovčiak,53–66 cm,25–40 kg,Ovčiarske psy,/media/articles/2026/86cb11cc-0882-4a98-8a1f-c83eb9520537.png,editorial_complete=0,200,image/png
16,bobtail-staroanglicky-ovciak,Bobtail – staroanglický ovčiak,56–61 cm,,Ovčiarske psy,/media/articles/2026/1737e703-c600-4eb0-bb91-ae81ec222dec.png,chybajuca verejna hmotnost; editorial_complete=0,200,image/png
297,border-kolia,Border kólia,53 cm,12–22 kg,Ovčiarske psy,/images/breeds/border-kolia.webp,editorial_complete=0,200,image/webp
113,briard,Briard,56–68 cm,,Ovčiarske psy,/media/articles/2026/ac0b2cf5-7640-425e-aab1-9f29d5959871.webp,chybajuca verejna hmotnost; editorial_complete=0,200,image/webp
277,chorvatsky-ovciak,Chorvátsky ovčiak,43–50 cm,,Ovčiarske psy,/media/articles/2026/f726f1dc-66fc-488b-a2e4-be16215faafc.png,chybajuca verejna hmotnost; editorial_complete=0,200,image/png
156,dlhosrsta-kolia,Dlhosrstá kólia,51–61 cm,,Ovčiarske psy,/media/articles/2026/8388462b-0394-4940-aa71-39523884289e.webp,chybajuca verejna hmotnost; editorial_complete=0,200,image/webp
141,dlhosrsty-pyrenejsky-ovciak,Dlhosrstý pyrenejský ovčiak,40–48 cm,,Ovčiarske psy,/media/articles/2026/b9222744-abaa-4601-963f-412966050c5c.webp,chybajuca verejna hmotnost; editorial_complete=0,200,image/webp
191,flamsky-bouvier,Flámsky bouvier,59–68 cm,27–40 kg,Pastierske psy okrem švajčiarskych salašníckych psov,/media/articles/2026/a2e0332b-545d-47d8-89f7-3d9d6ba75782.webp,editorial_complete=0,200,image/webp
223,holandsky-ovciak,Holandský ovčiak,55–62 cm,,Ovčiarske psy,/media/articles/2026/43aad40c-0b39-4214-8591-0a784a5dc6dc.png,chybajuca verejna hmotnost; editorial_complete=0,200,image/png
313,holandsky-schapendoes,Holandský schapendoes,40–50 cm,,Ovčiarske psy,/media/articles/2026/dce33a4b-bb88-46d9-923c-e517aad53f45.webp,chybajuca verejna hmotnost; editorial_complete=0,200,image/webp
326,juhorusky-ovciak,Juhoruský ovčiak,62–65 cm,,Ovčiarske psy,/media/articles/2026/f746bce1-259d-4e0b-ba26-56505a7fdc71.png,chybajuca verejna hmotnost; editorial_complete=0,200,image/png
87,katalansky-ovciak,Katalánsky ovčiak,45–55 cm,,Ovčiarske psy,/media/articles/2026/9667c27a-f2ac-47ef-a4a0-a8b90fed1a66.png,chybajuca verejna hmotnost; editorial_complete=0,200,image/png
53,komondor,Komondor,65–70 cm,40–60 kg,Ovčiarske psy,/media/articles/2026/dd9dce0c-bca4-4679-bff2-697d2293a5e0.webp,editorial_complete=0,200,image/webp
296,kratkosrsta-kolia,Krátkosrstá kólia,51–61 cm,,Ovčiarske psy,/media/articles/2026/008096a4-f840-4357-a639-dd81ec7afc12.png,chybajuca verejna hmotnost; editorial_complete=0,200,image/png
138,kratkosrsty-pyrenejsky-ovciak,Krátkosrstý pyrenejský ovčiak,40–54 cm,,Ovčiarske psy,/media/articles/2026/70133ab1-e143-45d9-9e6b-a72ef64bc353.png,chybajuca verejna hmotnost; editorial_complete=0,200,image/png
54,kuvasz,Kuvasz,66–76 cm,37–62 kg,Ovčiarske psy,/media/articles/2026/1810b44f-33aa-44b5-b487-9477fbf3bd6d.png,editorial_complete=0,200,image/png
321,mallorsky-ovciak,Mallorský ovčiak,62–73 cm,30–40 kg,Ovčiarske psy,/media/articles/2026/b0eee43b-a5c3-45fb-a17e-256c58ae0aff.png,editorial_complete=0,200,image/png
201,maremansko-abruzzsky-ovciak,Maremánsko-abruzzský ovčiak,60–73 cm,30–45 kg,Ovčiarske psy,/media/articles/2026/7010bf5a-0e1c-4c09-87a1-2e7759ce99be.png,editorial_complete=0,200,image/png
238,mudi,Mudi,38–47 cm,8–13 kg,Ovčiarske psy,/media/articles/2026/a1c815a4-ba65-4184-a5f7-ac8f33669d07.png,editorial_complete=0,200,image/png
166,nemecky-ovciak,Nemecký ovčiak,55–65 cm,22–40 kg,Ovčiarske psy,/media/articles/2026/6250219c-0a6c-45e5-a1e1-ddf4a91accbf.png,editorial_complete=0,200,image/png
176,pikardsky-ovciak,Pikardský ovčiak,55–65 cm,,Ovčiarske psy,/media/articles/2026/ce4c3342-80f7-4e08-845e-843ae6a4a8bc.webp,chybajuca verejna hmotnost; editorial_complete=0,200,image/webp
93,portugalsky-ovciak,Portugalský ovčiak,42–55 cm,17–27 kg,Ovčiarske psy,/media/articles/2026/f7076cec-e280-4184-95b2-c176e0f81a96.png,editorial_complete=0,200,image/png
251,polsky-nizinny-ovciak,Poľský nížinný ovčiak,42–50 cm,,Ovčiarske psy,/media/articles/2026/c0f60a5c-bd16-4c99-8baa-7c5f6ebe8e12.png,chybajuca verejna hmotnost; editorial_complete=0,200,image/png
252,polsky-tatransky-ovciak,Poľský tatranský ovčiak,60–70 cm,,Ovčiarske psy,/media/articles/2026/6f705dec-6f12-401a-92b7-4e289a999988.png,chybajuca verejna hmotnost; editorial_complete=0,200,image/png
55,puli,Puli,36–45 cm,10–15 kg,Ovčiarske psy,/media/articles/2026/b9b40f59-db7f-4308-a51b-476c4db531f8.png,editorial_complete=0,200,image/png
56,pumi,Pumi,38–47 cm,8–15 kg,Ovčiarske psy,/media/articles/2026/830e2848-a8f5-4127-a977-6ec096f2959e.png,editorial_complete=0,200,image/png
350,rumunsky-karpatsky-ovciak,Rumunský karpatský ovčiak,59–73 cm,,Ovčiarske psy,/media/articles/2026/ed1a0424-d651-45a6-937e-486304b127b4.png,chybajuca verejna hmotnost; editorial_complete=0,200,image/png
349,rumunsky-mioriticky-ovciak,Rumunský mioritický ovčiak,65–70 cm,,Ovčiarske psy,/media/articles/2026/e7ca1989-ce5f-4461-a4af-32fe9fe442d5.png,chybajuca verejna hmotnost; editorial_complete=0,200,image/png
311,saarloosov-vlciak,Saarloosov vlčiak,60–75 cm,,Ovčiarske psy,/media/articles/2026/db702d82-e908-42a3-806a-ecea32eb285f.webp,chybajuca verejna hmotnost; editorial_complete=0,200,image/webp
142,slovensky-cuvac,Slovenský čuvač,59–70 cm,31–44 kg,Ovčiarske psy,/media/articles/2026/fed89b87-cde4-42b0-942c-df6823d3ca27.png,editorial_complete=0,200,image/png
38,welsh-corgi-cardigan,Welsh Corgi Cardigan,30 cm,,Pastierske psy okrem švajčiarskych salašníckych psov,/media/articles/2026/4684be47-2f85-4389-bfdd-5adf3a13f39f.png,chybajuca verejna hmotnost; editorial_complete=0,200,image/png
39,welsh-corgi-pembroke,Welsh Corgi Pembroke,25–30 cm,9–12 kg,Pastierske psy okrem švajčiarskych salašníckych psov,/media/articles/2026/4ed62ef4-01f2-434f-a2b2-d73862012fd5.png,editorial_complete=0,200,image/png
332,ceskoslovensky-vlciak,Československý vlčiak,60–65 cm,20–26 kg,Ovčiarske psy,/media/articles/2026/75a6a1a5-fe7f-4655-8c9f-782d4e427ade.png,editorial_complete=0,200,image/png
88,seltia-shetlandsky-ovciak,Šeltia – shetlandský ovčiak,"35,5–37 cm",,Ovčiarske psy,/media/articles/2026/f441919c-212f-4a7c-bca6-3f5314f39461.png,chybajuca verejna hmotnost; editorial_complete=0,200,image/png
83,siperka,Šiperka,,3–9 kg,Ovčiarske psy,/media/articles/2026/ffb268c8-3295-4ee3-8e62-7b2074be231c.png,chybajuca verejna vyska; editorial_complete=0,200,image/png
186,affenpinscher,Affenpinscher,25–30 cm,4–6 kg,Pinče,/media/articles/2026/488693bf-023f-4790-9489-f5e8111ec2e2.webp,editorial_complete=0,200,image/webp
247,aidi-atlasky-horsky-pes,Aidi – atlaský horský pes,52–62 cm,,Molosoidné plemená – horský typ,/media/articles/2026/9424d304-2341-4821-94e2-95db9cdd8a83.webp,chybajuca verejna hmotnost; editorial_complete=0,200,image/webp
149,anglicky-buldog,Anglický buldog,,23–25 kg,Molosoidné plemená – mastifový typ,/media/articles/2026/ff4aa84e-bab0-41e9-86e3-f3e24c80f8a2.webp,chybajuca verejna vyska; editorial_complete=0,200,image/webp
264,anglicky-mastif,Anglický mastif,,,Molosoidné plemená – mastifový typ,/media/articles/2026/59315db2-ce30-4b0b-bb21-1153218c3c3d.webp,chybajuca verejna vyska; chybajuca verejna hmotnost; editorial_complete=0,200,image/webp
46,appenzellsky-salasnicky-pes,Appenzellský salašnícky pes,50–56 cm,,Švajčiarske salašnícke a pastierske psy,/media/articles/2026/1f54aa49-5877-44bf-9681-b168f52d2012.webp,chybajuca verejna hmotnost; editorial_complete=0,200,image/webp
292,argentinska-doga,Argentínska doga,60–68 cm,40–45 kg,Molosoidné plemená – mastifový typ,/media/articles/2026/60a60689-700e-4a15-8b97-668fe0b042a1.webp,editorial_complete=0,200,image/webp
340,azorsky-dobytkarsky-pes,Azorský dobytkársky pes,48–60 cm,20–35 kg,Molosoidné plemená – mastifový typ,/media/articles/2026/e5f2cdd4-14e5-4317-8471-62f3be0c05e2.webp,editorial_complete=0,200,image/webp
45,bernsky-salasnicky-pes,Bernský salašnícky pes,58–70 cm,36–52 kg,Švajčiarske salašnícke a pastierske psy,/images/breeds/bernsky-salasnicky-pes.webp,editorial_complete=0,200,image/webp
116,bordeauxska-doga,Bordeauxská doga,58–68 cm,45–50 kg,Molosoidné plemená – mastifový typ,/media/articles/2026/85b7e685-2be8-485f-89fa-6149c1425056.png,editorial_complete=0,200,image/png
144,boxer,Boxer,53–63 cm,25–30 kg,Molosoidné plemená – mastifový typ,/media/articles/2026/ef0b6af9-fa12-4466-bc2d-d233a8d9bbec.webp,editorial_complete=0,200,image/webp
182,bradac,Bradáč,45–50 cm,14–20 kg,Bradáče,/media/articles/2026/98361113-1521-42be-be7d-e810f76cc1d2.webp,editorial_complete=0,200,image/webp
315,broholmer,Broholmer,70–75 cm,40–70 kg,Molosoidné plemená – mastifový typ,/media/articles/2026/55614061-bbc0-4fcf-b632-fb330f3a9776.png,editorial_complete=0,200,image/png
157,bullmastiff,Bullmastiff,61–69 cm,41–59 kg,Molosoidné plemená – mastifový typ,/media/articles/2026/0228f627-e498-44ac-8f17-0cd6e3b4f69a.png,editorial_complete=0,200,image/png
343,cane-corso-italiano,Cane Corso Italiano,60–68 cm,40–50 kg,Molosoidné plemená – mastifový typ,/media/articles/2026/9fce5c6f-c03d-4391-84ed-15e331a7fec8.png,editorial_complete=0,200,image/png
353,cimarron-uruguayo,Cimarrón Uruguayo,55–61 cm,33–45 kg,Molosoidné plemená – mastifový typ,/media/articles/2026/cdebfe3f-8de2-4e31-acaf-23226ab9b484.png,editorial_complete=0,200,image/png
143,doberman,Doberman,63–72 cm,32–45 kg,Pinče,/media/articles/2026/96691785-c832-4432-a2a0-021172dd85a8.png,editorial_complete=0,200,image/png
356,dansko-svedsky-farmarsky-pes,Dánsko-švédsky farmársky pes,32–37 cm,,Pinče,/media/articles/2026/339e1016-cc8c-4859-8c0a-6d8057b40431.jpg,chybajuca verejna hmotnost; editorial_complete=0,200,image/jpeg
47,entlebussky-salasnicky-pes,Entlebušský salašnícky pes,42–50 cm,,Švajčiarske salašnícke a pastierske psy,/media/articles/2026/53fd2901-d302-430d-881a-ba6547338e5c.jpg,chybajuca verejna hmotnost; editorial_complete=0,200,image/jpeg
173,estrelsky-horsky-pes,Estrelský horský pes,62–73 cm,35–60 kg,Molosoidné plemená – horský typ,/media/articles/2026/b7b2baac-fd41-4340-aa43-b7b7a9f9e44c.png,editorial_complete=0,200,image/png
225,fila-brasileiro,Fila Brasileiro,60–75 cm,40–50 kg,Molosoidné plemená – mastifový typ,/media/articles/2026/a4a7ba83-1b59-4e4e-98b8-38a6233fb010.jpg,editorial_complete=0,200,image/jpeg
308,holandsky-smoushond,Holandský smoushond,35–42 cm,,Holandské smoushondy,/media/articles/2026/3a924c7b-9287-49c6-98de-abee14dd71cb.png,chybajuca verejna hmotnost; editorial_complete=0,200,image/png
190,hovawart,Hovawart,58–70 cm,,Molosoidné plemená – horský typ,/media/articles/2026/9d9dc5ab-05e7-4126-91a3-d76e48fd01e6.jpg,chybajuca verejna hmotnost; editorial_complete=0,200,image/jpeg
331,kangal,Kangal,65–78 cm,40–60 kg,Molosoidné plemená – horský typ,/media/articles/2026/d89d0923-335c-495a-836b-a8f391f241dc.jpg,editorial_complete=0,200,image/jpeg
328,kaukazsky-ovciak,Kaukazský ovčiak,64–68 cm,45–50 kg,Molosoidné plemená – horský typ,/media/articles/2026/4899a5cf-76fc-45a9-a6ee-061e29bdc03e.jpg,editorial_complete=0,200,image/jpeg
278,krasky-ovciak,Krašský ovčiak,54–63 cm,25–42 kg,Molosoidné plemená – horský typ,/media/articles/2026/80ed011c-36fe-41a4-a4d2-5af173e66bc2.jpg,editorial_complete=0,200,image/jpeg
226,landseer-europsky-kontinentalny-typ,Landseer – európsky kontinentálny typ,67–80 cm,,Molosoidné plemená – horský typ,/media/articles/2026/a3bee7c4-ca84-4f13-a0c1-a87f04a8a44e.png,chybajuca verejna hmotnost; editorial_complete=0,200,image/png
145,leonberger,Leonberger,65–80 cm,,Molosoidné plemená – horský typ,/media/articles/2026/71c232b0-5433-4e59-9ab9-95af70fce060.jpg,chybajuca verejna hmotnost; editorial_complete=0,200,image/jpeg
249,mallorska-doga-ca-de-bou,Mallorská doga (Ca de Bou),52–58 cm,30–38 kg,Molosoidné plemená – mastifový typ,/media/articles/2026/a33821bd-9acb-4b6b-8523-350b502aaf31.jpg,editorial_complete=0,200,image/jpeg
197,neapolsky-mastif,Neapolský mastif,60–75 cm,50–70 kg,Molosoidné plemená – mastifový typ,/media/articles/2026/dd37428f-0651-4684-8cca-4f0f8638e4ae.webp,editorial_complete=0,200,image/webp
235,nemecka-doga,Nemecká doga,72–80 cm,,Molosoidné plemená – mastifový typ,/media/articles/2026/d57c4e33-a491-4cbf-a3ba-0a4e3ae586d1.webp,chybajuca verejna hmotnost; editorial_complete=0,200,image/webp
184,nemecky-pinc,Nemecký pinč,45–50 cm,14–20 kg,Pinče,/media/articles/2026/cad4c6f7-d05a-4180-90b9-c005069b2381.jpg,editorial_complete=0,200,image/jpeg
50,novofundlandsky-pes,Novofundlandský pes,66–71 cm,54–68 kg,Molosoidné plemená – horský typ,/media/articles/2026/11963902-7f27-492b-8414-1add7318abb2.jpg,editorial_complete=0,200,image/jpeg
170,pes-z-castro-laboreiro,Pes z Castro Laboreiro,55–64 cm,25–40 kg,Molosoidné plemená – horský typ,/media/articles/2026/3ebee51a-9d63-489f-bbf4-75f6635a3cbf.png,editorial_complete=0,200,image/png
346,presa-canario,Presa Canario,57–66 cm,40–57 kg,Molosoidné plemená – mastifový typ,/media/articles/2026/47d9af8e-2967-49d5-89da-cac9f58c26e7.jpg,editorial_complete=0,200,image/jpeg
137,pyrenejsky-horsky-pes,Pyrenejský horský pes,65–80 cm,,Molosoidné plemená – horský typ,/media/articles/2026/6dd22628-4264-4f8c-8b2d-6954377c0a5c.png,chybajuca verejna hmotnost; editorial_complete=0,200,image/png
92,pyrenejsky-mastif,Pyrenejský mastif,72–77 cm,,Molosoidné plemená – horský typ,/media/articles/2026/ee75a4f5-3616-455f-8f18-afe81c07f909.webp,chybajuca verejna hmotnost; editorial_complete=0,200,image/webp
96,rafeiro-do-alentejo,Rafeiro do Alentejo,64–74 cm,35–60 kg,Molosoidné plemená – horský typ,/media/articles/2026/eddb92ad-ebfc-4f97-b6fe-d454516ae8cc.png,editorial_complete=0,200,image/png
64,rakusky-pinc,Rakúsky pinč,42–50 cm,,Pinče,/media/articles/2026/c170e3c4-8477-47fd-a9e9-45a09e84f427.jpg,chybajuca verejna hmotnost; editorial_complete=0,200,image/jpeg
147,rotvajler,Rotvajler,56–68 cm,35–60 kg,Molosoidné plemená – mastifový typ,/images/breeds/rotvajler.webp,editorial_complete=0,200,image/webp
357,rumunsky-bukovinsky-ovciak,Rumunský bukovinský ovčiak,64–78 cm,,Molosoidné plemená – horský typ,/media/articles/2026/bfe42bb0-7523-413e-83e6-92fbf082b550.png,chybajuca verejna hmotnost; editorial_complete=0,200,image/png
327,rusky-cierny-terier,Ruský čierny teriér,68–76 cm,45–60 kg,Čierny ruský teriér,/media/articles/2026/29b389a7-e337-49ae-854f-f3ce2d08c493.jpg,editorial_complete=0,200,image/jpeg
335,stredoazijsky-ovciak,Stredoázijský ovčiak,65–70 cm,40–50 kg,Molosoidné plemená – horský typ,/media/articles/2026/3ffa4dcd-6772-4582-bced-0c06cedc378a.webp,editorial_complete=0,200,image/webp
61,svatobernardsky-pes,Svätobernardský pes,65–90 cm,,Molosoidné plemená – horský typ,/media/articles/2026/d36747e7-e2ea-4b41-a636-bbd9bd30b61f.jpg,chybajuca verejna hmotnost; editorial_complete=0,200,image/jpeg
230,tibetska-doga,Tibetská doga,61–66 cm,,Molosoidné plemená – horský typ,/media/articles/2026/6226adc2-2f29-48e0-a593-33d60cfcb12c.png,chybajuca verejna hmotnost; editorial_complete=0,200,image/png
355,tornjak,Tornjak,60–70 cm,,Molosoidné plemená – horský typ,/media/articles/2026/e3eee901-bb67-4c3f-b5cb-59cbfaac5719.jpg,chybajuca verejna hmotnost; editorial_complete=0,200,image/jpeg
260,tosa,Tosa,55–60 cm,,Molosoidné plemená – mastifový typ,/media/articles/2026/53bbbfad-71dd-4568-a8f1-0a77644b9271.webp,chybajuca verejna hmotnost; editorial_complete=0,200,image/webp
183,trpaslici-bradac,Trpasličí bradáč,30–35 cm,4–8 kg,Bradáče,/media/articles/2026/748fc2b2-1165-4cf8-b7a0-2aa3cd58b2a1.jpg,editorial_complete=0,200,image/jpeg
185,trpaslici-pinc,Trpasličí pinč,25–30 cm,4–6 kg,Pinče,/media/articles/2026/f997e095-5f44-45e1-a85b-a9dc5001061d.png,editorial_complete=0,200,image/png
181,velky-bradac,Veľký bradáč,60–70 cm,35–47 kg,Bradáče,/media/articles/2026/27b2e3eb-9f7c-4d60-8600-888d460e2913.jpg,editorial_complete=0,200,image/jpeg
58,velky-svajciarsky-salasnicky-pes,Veľký švajčiarsky salašnícky pes,60–72 cm,,Švajčiarske salašnícke a pastierske psy,/media/articles/2026/df6bb1a2-35e3-46e9-ad60-c805cc55b170.webp,chybajuca verejna hmotnost; editorial_complete=0,200,image/webp
309,sarpej,Šarpej,44–51 cm,,Molosoidné plemená – mastifový typ,/media/articles/2026/dea5c8ae-c421-453f-b306-30dde79108e5.jpg,chybajuca verejna hmotnost; editorial_complete=0,200,image/jpeg
41,sarplaninec,Šarplaninec,58–62 cm,30–45 kg,Molosoidné plemená – horský typ,/media/articles/2026/15396986-6363-455f-9f30-97da5d7883c5.png,editorial_complete=0,200,image/png
91,spanielsky-mastif,Španielsky mastif,72–77 cm,,Molosoidné plemená – horský typ,/media/articles/2026/d3c59b89-d022-48bf-9e49-17cbf84da5a9.jpg,chybajuca verejna hmotnost; editorial_complete=0,200,image/jpeg
7,airedalsky-terier,Airedalský teriér,56–61 cm,,Veľké a stredné teriéry,/media/articles/2026/e2cb2f0e-b20c-4f6a-8492-46c0d5d37b0d.jpg,chybajuca verejna hmotnost; editorial_complete=0,200,image/jpeg
286,americky-stafordsirsky-terier,Americký stafordšírsky teriér,43–48 cm,,Teriéry typu bull,/media/articles/2026/023e42e1-8b26-4482-93f9-9ab79ff8da85.jpg,chybajuca verejna hmotnost; editorial_complete=0,200,image/jpeg
13,anglicky-toy-terier-black-tan,Anglický toy teriér (black & tan),25–30 cm,"2,7–3,6 kg",Toy teriéry,/media/articles/2026/ec39e517-9322-4f51-9e34-4b3a533b0226.webp,editorial_complete=0,200,image/webp
236,australsky-hodvabny-terier,Austrálsky hodvábny teriér,23–26 cm,,Toy teriéry,/media/articles/2026/132907b5-404d-45c3-973d-5de80aa09e45.webp,chybajuca verejna hmotnost; editorial_complete=0,200,image/webp
8,australsky-terier,Austrálsky teriér,25 cm,"6,5 kg",Malé teriéry,/media/articles/2026/4b2b125f-aa68-41d0-b82f-25b012507de4.jpg,editorial_complete=0,200,image/jpeg
9,bedlingtonsky-terier,Bedlingtonský teriér,41 cm,8–10 kg,Veľké a stredné teriéry,/media/articles/2026/2da81bed-b7ef-4ee2-ac39-c8480c21cf58.jpg,editorial_complete=0,200,image/jpeg
10,border-terier,Border teriér,,"5,1–7,1 kg",Veľké a stredné teriéry,/media/articles/2026/d59e9a86-3847-49fa-9c92-181fee4f33d8.jpg,chybajuca verejna vyska; editorial_complete=0,200,image/jpeg
341,brazilsky-terier,Brazílsky teriér,33–40 cm,10 kg,Veľké a stredné teriéry,/media/articles/2026/7cd56eb5-374f-481e-bab9-4bf54f101f93.png,editorial_complete=0,200,image/png
11,bullterier,Bullteriér,,,Teriéry typu bull,/media/articles/2026/8965fdc7-a17b-4d89-8f82-a2f13aace45a.jpg,chybajuca verejna vyska; chybajuca verejna hmotnost; editorial_complete=0,200,image/jpeg
4,cairn-terier,Cairn teriér,28–31 cm,"6–7,5 kg",Malé teriéry,/media/articles/2026/6d3212eb-a954-4fb1-9f40-8500c1f92c4d.jpg,editorial_complete=0,200,image/jpeg
168,dandie-dinmont-terier,Dandie Dinmont teriér,,8–11 kg,Malé teriéry,/media/articles/2026/6d720875-8ae8-40ae-a5a1-585cf1b7bc63.jpg,chybajuca verejna vyska; editorial_complete=0,200,image/jpeg
169,drotsrsty-foxterier,Drôtosrstý foxteriér,39 cm,"8,25 kg",Veľké a stredné teriéry,/media/articles/2026/79b620f0-34c0-4059-9e49-c2efcdbeac97.jpg,editorial_complete=0,200,image/jpeg
12,hladkosrsty-foxterier,Hladkosrstý foxteriér,39 cm,7–8 kg,Veľké a stredné teriéry,/media/articles/2026/03190d51-7553-4165-8235-d4b1d6ef035d.jpg,editorial_complete=0,200,image/jpeg
345,jack-russell-terier,Jack Russell teriér,25–30 cm,5–8 kg,Malé teriéry,/images/breeds/jack-russell-terier.webp,editorial_complete=0,200,image/webp
259,japonsky-terier,Japonský teriér,30–33 cm,,Malé teriéry,/media/articles/2026/a059072a-677a-4316-9b04-9f072554267a.png,chybajuca verejna hmotnost; editorial_complete=0,200,image/png
3,kerry-blue-terier,Kerry Blue teriér,"44,5–49,5 cm",15–18 kg,Veľké a stredné teriéry,/media/articles/2026/0d80e871-ac10-4169-832a-223891cb1d26.jpg,editorial_complete=0,200,image/jpeg
70,lakeland-terier,Lakeland teriér,37 cm,"6,8–7,7 kg",Veľké a stredné teriéry,/media/articles/2026/29370617-a28a-4e69-9f9a-153d92dacd46.jpg,editorial_complete=0,200,image/jpeg
71,manchester-terier,Manchester teriér,38–41 cm,,Veľké a stredné teriéry,/media/articles/2026/b1e664d8-4dd5-4b2d-a852-d82321fc4e5d.png,chybajuca verejna hmotnost; editorial_complete=0,200,image/png
359,miniaturny-bullterier,Miniatúrny bullteriér,"35,5 cm",,Teriéry typu bull,/media/articles/2026/6e4f5e23-f282-4df7-b41d-516f554bc401.jpg,chybajuca verejna hmotnost; editorial_complete=0,200,image/jpeg
103,nemecky-polovny-terier,Nemecký poľovný teriér,33–40 cm,"7,5–10 kg",Veľké a stredné teriéry,/media/articles/2026/a671a07f-319f-49f5-a692-9ddd2aa4411b.jpg,editorial_complete=0,200,image/jpeg
272,norfolk-terier,Norfolk teriér,25 cm,,Malé teriéry,/media/articles/2026/487d723c-90cf-4a6e-9784-5a5813cd34c8.jpg,chybajuca verejna hmotnost; editorial_complete=0,200,image/jpeg
72,norwich-terier,Norwich teriér,25 cm,,Malé teriéry,/media/articles/2026/4904b4e8-7730-4d43-9890-1197bb2b279b.webp,chybajuca verejna hmotnost; editorial_complete=0,200,image/webp
339,parson-russell-terier,Parson Russell teriér,31–38 cm,,Veľké a stredné teriéry,/media/articles/2026/8ebb5492-c90e-4590-87dc-73c2972b975e.webp,chybajuca verejna hmotnost; editorial_complete=0,200,image/webp
74,sealyhamsky-terier,Sealyhamský teriér,31 cm,"8,2–9 kg",Malé teriéry,/media/articles/2026/fc5c7bf7-97eb-4306-abbc-5c451df77e5e.png,editorial_complete=0,200,image/png
75,skye-terier,Skye teriér,25–26 cm,,Malé teriéry,/media/articles/2026/aa997345-c819-4ed8-8d5f-e2f640c459f4.png,chybajuca verejna hmotnost; editorial_complete=0,200,image/png
76,stafordshirsky-bulterier,Stafordšírsky bulteriér,"35,5–40,5 cm",11–17 kg,Teriéry typu bull,/media/articles/2026/fb384968-1f8e-452e-8fff-eac85ca864f9.webp,editorial_complete=0,200,image/webp
78,walesky-terier,Waleský teriér,39 cm,"9–9,5 kg",Veľké a stredné teriéry,/media/articles/2026/13c0c0df-8343-4659-8f94-5e695e61561b.webp,editorial_complete=0,200,image/webp
85,west-highland-white-terier,West Highland White teriér,28 cm,,Malé teriéry,/media/articles/2026/a87d1adc-b96c-40b1-a1d4-fa7312f8d730.jpg,chybajuca verejna hmotnost; editorial_complete=0,200,image/jpeg
86,yorkshirsky-terier,Yorkshirský teriér,,"3,2 kg",Toy teriéry,/media/articles/2026/a0a6592e-3f15-406b-9726-6d64bdf5b761.webp,chybajuca verejna vyska; editorial_complete=0,200,image/webp
302,irsky-glen-of-imaal-terier,Írsky Glen of Imaal teriér,"35,5 cm",16 kg,Veľké a stredné teriéry,/media/articles/2026/e514a486-d171-4415-91aa-ccd78f4e7bff.jpg,editorial_complete=0,200,image/jpeg
40,irsky-jemnosrsty-psenicny-terier,Írsky jemnosrstý pšeničný teriér,46–48 cm,"18–20,5 kg",Veľké a stredné teriéry,/media/articles/2026/d1482861-dfe9-4086-9b8f-113f6ab35426.png,editorial_complete=0,200,image/png
139,irsky-terier,Írsky teriér,"45,5 cm","11,4–12,25 kg",Veľké a stredné teriéry,/media/articles/2026/bc467ef8-a582-4cfb-a50d-dc9107e42738.jpg,editorial_complete=0,200,image/jpeg
246,cesky-terier,Český teriér,25–32 cm,6–10 kg,Malé teriéry,/media/articles/2026/b7fe8db5-434a-4cde-893a-242ceac1f148.jpg,editorial_complete=0,200,image/jpeg
73,skotsky-terier,Škótsky teriér,25–28 cm,,Malé teriéry,/media/articles/2026/0960ea6e-7b31-427b-a630-fd8341a33964.jpg,chybajuca verejna hmotnost; editorial_complete=0,200,image/jpeg
148,jazvecik,Jazvečík,,"približne 3,5–9 kg podľa variety",,/images/breeds/jazvecik.webp,chybajuca verejna vyska; chybajuci nazov sekcie; editorial_complete=0,200,image/webp
255,akita,Akita,58–70 cm,,Ázijské špice a príbuzné plemená,/media/articles/2026/2b89e40f-4588-4991-8ae2-b400b5113c02.png,chybajuca verejna hmotnost; editorial_complete=0,200,image/png
243,aljasky-malamut,Aljašský malamut,"58,5–63,5 cm",34–38 kg,Severské záprahové psy,/media/articles/2026/c248df6e-5d1a-4e52-9117-f78472550f12.png,editorial_complete=0,200,image/png
344,americka-akita,Americká akita,61–71 cm,,Ázijské špice a príbuzné plemená,/media/articles/2026/c80f1376-8b96-4807-997d-f918ccc02d45.png,chybajuca verejna hmotnost; editorial_complete=0,200,image/png
43,basenji,Basenji,40–43 cm,"9,5–11 kg",Primitívne plemená,/media/articles/2026/4d9b942f-5a46-4361-b8a0-563a8486642a.png,editorial_complete=0,200,image/png
199,cirneco-dell-etna,Cirneco dell’Etna,44–50 cm,8–13 kg,Primitívne plemená – poľovné psy,/media/articles/2026/775c162c-2dea-4b2b-8825-9febe052596a.png,editorial_complete=0,200,image/png
291,eurazijsky-pes,Eurázijský pes,48–60 cm,22–32 kg,Ázijské špice a príbuzné plemená,/media/articles/2026/80fbec8f-cc17-4b0e-ab92-0ab0518016e5.png,editorial_complete=0,200,image/png
248,faraonsky-pes,Faraónsky pes,53–64 cm,,Primitívne plemená,/media/articles/2026/305867db-0100-4f77-9c88-6ec2a0b89437.png,chybajuca verejna hmotnost; editorial_complete=0,200,image/png
189,finsky-laponsky-pes,Fínsky laponský pes,41–52 cm,,Severské strážne a pastierske psy,/media/articles/2026/09150c91-5f94-4d74-82a3-7f6964bd7b29.png,chybajuca verejna hmotnost; editorial_complete=0,200,image/png
49,finsky-spic,Fínsky špic,39–50 cm,,Severské poľovné psy,/media/articles/2026/09f175c4-36e6-46dd-a689-38757745daba.png,chybajuca verejna hmotnost; editorial_complete=0,200,image/png
274,gronsky-pes,Grónsky pes,55–60 cm,,Severské záprahové psy,/media/articles/2026/bbc490ad-396c-432e-ab8c-a07d64ed7800.png,chybajuca verejna hmotnost; editorial_complete=0,200,image/png
261,hokkaido,Hokkaido,"45,5–51,5 cm",,Ázijské špice a príbuzné plemená,/media/articles/2026/0fae268d-0bb4-44a3-8c98-4de061df5cdd.png,chybajuca verejna hmotnost; editorial_complete=0,200,image/png
89,ibizsky-podenco,Ibizský podenco,60–72 cm,,Primitívne plemená – poľovné psy,/media/articles/2026/04eb8c6b-329c-4206-a77a-d1f149c24050.webp,chybajuca verejna hmotnost; editorial_complete=0,200,image/webp
289,islandsky-ovciak,Islandský ovčiak,42–46 cm,,Severské strážne a pastierske psy,/media/articles/2026/26116147-dee4-4703-a1bc-85a6a1a1edfb.png,chybajuca verejna hmotnost; editorial_complete=0,200,image/png
262,japonsky-spic,Japonský špic,30–38 cm,,Ázijské špice a príbuzné plemená,/media/articles/2026/78ada663-006c-4b36-a5e1-d9fb0886e09b.png,chybajuca verejna hmotnost; editorial_complete=0,200,image/png
42,jamthund,Jämthund,52–65 cm,,Severské poľovné psy,/media/articles/2026/3ea6e850-d004-4e09-a524-a53af7cd471c.webp,chybajuca verejna hmotnost; editorial_complete=0,200,image/webp
317,kai,Kai,45–50 cm,,Ázijské špice a príbuzné plemená,/media/articles/2026/e65ee0be-3ac0-4e6d-a8e0-58010537741a.webp,chybajuca verejna hmotnost; editorial_complete=0,200,image/webp
211,kanadsky-eskimacky-pes,Kanadský eskimácky pes,50–70 cm,18–40 kg,Severské záprahové psy,/media/articles/2026/74282df5-ea1f-4b54-8b4c-3b36d2ce8188.png,editorial_complete=0,200,image/png
273,kanaansky-pes,Kanaánsky pes,50–60 cm,18–25 kg,Primitívne plemená,/media/articles/2026/eeb14df0-5f5e-4267-be0e-9020da09f555.png,editorial_complete=0,200,image/png
48,karelsky-medvedi-pes,Karelský medvedí pes,49–60 cm,17–28 kg,Severské poľovné psy,/media/articles/2026/efdb63fd-75b6-4948-98e6-02ef1086a29a.png,editorial_complete=0,200,image/png
318,kishu,Kishu,49–52 cm,,Ázijské špice a príbuzné plemená,/media/articles/2026/9aef3a3e-3b4b-46eb-ba0b-398b6c3a82c4.png,chybajuca verejna hmotnost; editorial_complete=0,200,image/png
334,korejsky-jindo,Kórejský Jindo,45–55 cm,15–23 kg,Ázijské špice a príbuzné plemená,/media/articles/2026/fce08ecf-c039-4cbb-a149-95d448ec038a.png,editorial_complete=0,200,image/png
284,laponsky-pastiersky-pes,Laponský pastiersky pes,43–55 cm,,Severské strážne a pastierske psy,/media/articles/2026/76c2fcea-d71f-4dc6-a68b-6b69563d6ee6.png,chybajuca verejna hmotnost; editorial_complete=0,200,image/png
97,nemecky-spic,Nemecký špic,18–55 cm,,Európske špice,/media/articles/2026/21441b5d-d77a-4773-95ec-af86e1bfc849.webp,chybajuca verejna hmotnost; editorial_complete=0,200,image/webp
276,norrbottenspets,Norrbottenspets,40–47 cm,,Severské poľovné psy,/media/articles/2026/d08f4176-5eb5-4bb0-83f4-70ad092fea76.png,chybajuca verejna hmotnost; editorial_complete=0,200,image/png
237,norsky-buhund,Nórsky buhund,41–47 cm,,Severské strážne a pastierske psy,/media/articles/2026/6171f2bd-44ac-4e2d-9dc4-f61004c7c186.png,chybajuca verejna hmotnost; editorial_complete=0,200,image/png
265,norsky-lundehund,Nórsky lundehund,32–38 cm,6–7 kg,Severské poľovné psy,/media/articles/2026/36f1e60f-2090-41eb-927d-166831ec3136.webp,editorial_complete=0,200,image/webp
242,norsky-sivy-losi-pes,Nórsky sivý losí pes,47–54 cm,,Severské poľovné psy,/media/articles/2026/5be80a89-1728-4cb1-8f58-9bd6b046459c.webp,chybajuca verejna hmotnost; editorial_complete=0,200,image/webp
268,norsky-cierny-losi-pes,Nórsky čierny losí pes,43–49 cm,,Severské poľovné psy,/media/articles/2026/cbeaee78-cc4f-4e55-b639-c62ce691a095.png,chybajuca verejna hmotnost; editorial_complete=0,200,image/png
310,peruansky-nahac,Peruánsky naháč,25–65 cm,4–30 kg,Primitívne plemená,/media/articles/2026/de8d1443-13b5-4469-8a87-b7eb5e835776.png,editorial_complete=0,200,image/png
329,podenco-canario,Podenco Canario,53–64 cm,,Primitívne plemená – poľovné psy,/media/articles/2026/b7e0bfd9-1843-4a6c-8eb8-272d595e49a7.png,chybajuca verejna hmotnost; editorial_complete=0,200,image/png
94,portugalsky-podengo,Portugalský podengo,20–70 cm,4–30 kg,Primitívne plemená – poľovné psy,/media/articles/2026/c3600bc6-f72c-43b3-bd9e-d55da3f11611.webp,editorial_complete=0,200,image/webp
304,rusko-europska-lajka,Rusko-európska lajka,48–58 cm,,Severské poľovné psy,/media/articles/2026/64ff30bf-ee08-4182-acf1-182edaa6cca2.webp,chybajuca verejna hmotnost; editorial_complete=0,200,image/webp
212,samojed,Samojed,50–60 cm,,Severské záprahové psy,/media/articles/2026/ddf1b266-7ecc-4df7-90b9-e679b4a5caec.png,chybajuca verejna hmotnost; editorial_complete=0,200,image/png
257,shiba,Shiba,35–41 cm,,Ázijské špice a príbuzné plemená,/media/articles/2026/5bcd1f66-82aa-4f17-97fb-fa42b4dba67d.png,chybajuca verejna hmotnost; editorial_complete=0,200,image/png
319,shikoku,Shikoku,49–52 cm,,Ázijské špice a príbuzné plemená,/media/articles/2026/748c1899-c480-4a44-912e-c411b4e63e30.png,chybajuca verejna hmotnost; editorial_complete=0,200,image/png
270,sibirsky-husky,Sibírsky husky,"50,5–60 cm","15,5–28 kg",Severské záprahové psy,/images/breeds/sibirsky-husky.webp,editorial_complete=0,200,image/webp
348,taiwansky-pes,Taiwanský pes,43–53 cm,12–18 kg,Primitívne plemená – poľovné psy,/media/articles/2026/e2a8feba-75e2-41c1-94d7-e4040f024d52.png,editorial_complete=0,200,image/png
195,taliansky-volpino,Taliansky volpino,25–30 cm,,Európske špice,/media/articles/2026/49dbb022-fb22-4827-b897-15ce379925f9.png,chybajuca verejna hmotnost; editorial_complete=0,200,image/png
358,thajsky-bangkaewsky-pes,Thajský bangkaewský pes,41–55 cm,,Ázijské špice a príbuzné plemená,/media/articles/2026/4cb0f1f9-e87b-4800-be1f-0d7ce38753e5.png,chybajuca verejna hmotnost; editorial_complete=0,200,image/png
338,thajsky-ridgeback,Thajský ridgeback,51–61 cm,,Primitívne plemená – poľovné psy,/media/articles/2026/a3f3f358-fda7-47ca-b12d-946a04e33d9e.png,chybajuca verejna hmotnost; editorial_complete=0,200,image/png
305,vychodosibirska-lajka,Východosibírska lajka,53–64 cm,,Severské poľovné psy,/media/articles/2026/d8f5e12d-5d73-4ba6-825b-548c0cf9cb78.png,chybajuca verejna hmotnost; editorial_complete=0,200,image/png
234,xoloitzcuintle,Xoloitzcuintle,25–60 cm,,Primitívne plemená,/media/articles/2026/5642a193-e91d-4023-b9ba-5503300e8008.png,chybajuca verejna hmotnost; editorial_complete=0,200,image/png
306,zapadosibirska-lajka,Západosibírska lajka,51–62 cm,,Severské poľovné psy,/media/articles/2026/4830742a-690f-4e55-bb63-0a2177f4ba6f.webp,chybajuca verejna hmotnost; editorial_complete=0,200,image/webp
205,cau-cau,Čau-čau,46–56 cm,,Ázijské špice a príbuzné plemená,/media/articles/2026/46cd4260-a2df-468a-b341-85c14ee9ae0d.png,chybajuca verejna hmotnost; editorial_complete=0,200,image/png
135,svedsky-laponsky-pes,Švédsky laponský pes,40–51 cm,,Severské strážne a pastierske psy,/media/articles/2026/b20c0ea3-a39c-4806-9372-0ca8014a7aff.png,chybajuca verejna hmotnost; editorial_complete=0,200,image/png
14,svedsky-vallhund,Švédsky vallhund,29–33 cm,,Severské strážne a pastierske psy,/media/articles/2026/c6a6fd02-fe79-40c5-b1cc-e964d8e5bb03.png,chybajuca verejna hmotnost; editorial_complete=0,200,image/png
254,alpsky-jazvecikovity-duric,Alpský jazvečíkovitý durič,34–42 cm,,Farbiare,/media/articles/2026/010e31f6-20c8-46ea-bb94-c976f4d85683.jpg,chybajuca verejna hmotnost; editorial_complete=0,200,image/jpeg
303,americky-foxhound,Americký foxhound,"53–63,5 cm",,Duriče veľkých plemien,/media/articles/2026/dd31aebd-f1b3-4b6c-89ad-d62acd1d3b51.webp,chybajuca verejna hmotnost; editorial_complete=0,200,image/webp
159,anglicky-foxhound,Anglický foxhound,58–64 cm,,Duriče veľkých plemien,/media/articles/2026/bbfb11a6-f692-43ef-a0ca-e54b94dc9011.png,chybajuca verejna hmotnost; editorial_complete=0,200,image/png
20,ariegeois,Ariégeois,50–58 cm,,Duriče stredných plemien,/media/articles/2026/e0d5f910-9303-47f2-9208-5dcb2ee55b4b.png,chybajuca verejna hmotnost; editorial_complete=0,200,image/png
28,artoisky-duric,Artoiský durič,53–58 cm,,Duriče stredných plemien,/media/articles/2026/08b10b8f-eba5-465e-9723-5cfe52750b40.jpg,chybajuca verejna hmotnost; editorial_complete=0,200,image/jpeg
36,basset-fauve-de-bretagne,Basset Fauve de Bretagne,32–38 cm,,Duriče malých plemien,/media/articles/2026/b9343d64-8fd4-477a-913b-1d5311445d63.jpg,chybajuca verejna hmotnost; editorial_complete=0,200,image/jpeg
163,basset-hound,Basset Hound,33–38 cm,,Duriče malých plemien,/media/articles/2026/12db28cc-0cdb-4a52-adf5-ce5302bd4571.png,chybajuca verejna hmotnost; editorial_complete=0,200,image/png
217,bavorsky-farbiar,Bavorský farbiar,44–52 cm,,Farbiare,/media/articles/2026/45e59cb9-46c4-40f0-b581-8e5334f7d75b.jpg,chybajuca verejna hmotnost; editorial_complete=0,200,image/jpeg
290,beagle-harrier,Beagle-Harrier,45–50 cm,,Duriče stredných plemien,/media/articles/2026/10142f22-f546-4c0d-b4b3-bff2a98074cf.jpg,chybajuca verejna hmotnost; editorial_complete=0,200,image/jpeg
25,billy,Billy,58–70 cm,,Duriče veľkých plemien,/media/articles/2026/2b7fa2eb-c2ab-46d7-a8c5-6181697ef14d.jpg,chybajuca verejna hmotnost; editorial_complete=0,200,image/jpeg
84,bloodhound-chien-de-saint-hubert,Bloodhound (Chien de Saint-Hubert),58–72 cm,40–54 kg,Duriče veľkých plemien,/media/articles/2026/95c39476-bcbc-4a4e-97f3-83d640b775a8.webp,editorial_complete=0,200,image/webp
155,bosniansky-hrubosrsty-duric-barak,Bosniansky hrubosrstý durič – Barak,46–56 cm,16–24 kg,Duriče stredných plemien,/media/articles/2026/71b153a9-9dd7-47ef-a920-bf60edce63ad.webp,editorial_complete=0,200,image/webp
275,brazilsky-stopar,Brazílsky stopár,56–65 cm,21–33 kg,Duriče veľkých plemien,/media/articles/2026/405b4bc3-366f-42b9-aed9-a4fd77f107b5.jpg,editorial_complete=0,200,image/jpeg
19,briquet-griffon-vendeen,Briquet Griffon Vendéen,48–55 cm,,Duriče stredných plemien,/media/articles/2026/15f16853-45b4-4a29-8a1e-b6c36ad4c7c8.jpg,chybajuca verejna hmotnost; editorial_complete=0,200,image/jpeg
161,bigl,Bígl,33–40 cm,,Duriče malých plemien,/media/articles/2026/2072178b-d084-4d6e-a2a4-5484dac6ec10.png,chybajuca verejna hmotnost; editorial_complete=0,200,image/png
153,dalmatinsky-pes,Dalmatínsky pes,54–62 cm,,Príbuzné plemená,/media/articles/2026/94391930-5f8c-4a71-bbdc-71684ae08094.png,chybajuca verejna hmotnost; editorial_complete=0,200,image/png
130,drever,Drever,30–38 cm,,Duriče malých plemien,/media/articles/2026/6f3ec9c6-d0ef-4c22-be78-ad1481b4f785.jpg,chybajuca verejna hmotnost; editorial_complete=0,200,image/jpeg
316,francuzsky-bielo-oranzovy-duric,Francúzsky bielo-oranžový durič,60–70 cm,,Duriče veľkých plemien,/media/articles/2026/b2597358-13c1-44c9-b0b1-149074a1f5cc.jpg,chybajuca verejna hmotnost; editorial_complete=0,200,image/jpeg
220,francuzsky-bielo-cierny-duric,Francúzsky bielo-čierny durič,62–72 cm,,Duriče veľkých plemien,/media/articles/2026/345ec6f9-0bfa-4100-8fe4-eb769379c213.jpg,chybajuca verejna hmotnost; editorial_complete=0,200,image/jpeg
219,francuzsky-trojfarebny-duric,Francúzsky trojfarebný durič,60–72 cm,,Duriče veľkých plemien,/media/articles/2026/db1c46dc-48fb-4855-b317-0beb26e8d6a4.jpg,chybajuca verejna hmotnost; editorial_complete=0,200,image/jpeg
51,finsky-duric,Fínsky durič,52–61 cm,,Duriče stredných plemien,/media/articles/2026/e22fa86c-0c49-4a9d-b00a-727cc0241020.png,chybajuca verejna hmotnost; editorial_complete=0,200,image/png
21,gaskonsky-saintongeonsky-duric-velky-typ,Gaskonský saintongeonský durič – veľký typ,62–72 cm,,Duriče veľkých plemien,/media/articles/2026/8b51d8e2-7cdf-42c0-bbab-e7fb8119ecac.webp,chybajuca verejna hmotnost; editorial_complete=0,200,image/webp
33,grand-basset-griffon-vendeen,Grand Basset Griffon Vendéen,39–44 cm,,Duriče malých plemien,/media/articles/2026/a87b6de1-f178-4430-be5a-10c04f0c61c1.jpg,chybajuca verejna hmotnost; editorial_complete=0,200,image/jpeg
267,haldenov-duric,Haldenov durič,50–60 cm,,Duriče stredných plemien,/media/articles/2026/17ea0980-a84b-4563-b70c-8100ce8c9eee.png,chybajuca verejna hmotnost; editorial_complete=0,200,image/png
132,hamiltonstovare,Hamiltonstövare,49–61 cm,,Duriče stredných plemien,/media/articles/2026/1e8c9f2a-254b-4bb6-a525-693db40732d2.png,chybajuca verejna hmotnost; editorial_complete=0,200,image/png
213,hannoversky-farbiar,Hannoverský farbiar,48–55 cm,,Farbiare,/media/articles/2026/82b09f16-90d1-495d-930c-1951590ac786.webp,chybajuca verejna hmotnost; editorial_complete=0,200,image/webp
295,harrier,Harrier,48–55 cm,,Duriče stredných plemien,/media/articles/2026/d0fed7c4-7537-484e-a608-4989b42fab7d.webp,chybajuca verejna hmotnost; editorial_complete=0,200,image/webp
214,helensky-duric,Helénsky durič,45–55 cm,17–20 kg,Duriče stredných plemien,/media/articles/2026/638a098a-e34c-418f-9a53-1760a3d4e761.jpg,editorial_complete=0,200,image/jpeg
266,hygenov-duric,Hygenov durič,47–58 cm,,Duriče stredných plemien,/media/articles/2026/8bc3d0aa-af93-4af3-893c-54b1bc02e8b2.webp,chybajuca verejna hmotnost; editorial_complete=0,200,image/webp
152,istrijsky-hrubosrsty-duric,Istrijský hrubosrstý durič,43–59 cm,,Duriče stredných plemien,/media/articles/2026/4af2dc1d-d4a8-491f-8f86-cda03bf536ee.jpg,chybajuca verejna hmotnost; editorial_complete=0,200,image/jpeg
151,istrijsky-kratkosrsty-duric,Istrijský krátkosrstý durič,44–56 cm,,Duriče stredných plemien,/media/articles/2026/846b7ea5-4fc5-4677-b2ee-8a56fd857413.jpg,chybajuca verejna hmotnost; editorial_complete=0,200,image/jpeg
31,maly-modry-gaskonsky-duric,Malý modrý gaskonský durič,50–58 cm,,Duriče stredných plemien,/media/articles/2026/3c1a4aa9-5882-401b-8e47-369abd9eebb6.webp,chybajuca verejna hmotnost; editorial_complete=0,200,image/webp
60,maly-svajciarsky-duric,Malý švajčiarsky durič,33–43 cm,,Duriče malých plemien,/media/articles/2026/a38b7b2b-11fd-467d-bbbc-bad5927ee563.jpg,chybajuca verejna hmotnost; editorial_complete=0,200,image/jpeg
35,modry-gaskonsky-basset,Modrý gaskonský basset,34–38 cm,,Duriče malých plemien,/media/articles/2026/7d528bb0-99dd-4b01-9540-c464c85951bd.jpg,chybajuca verejna hmotnost; editorial_complete=0,200,image/jpeg
32,modry-gaskonsky-grifon,Modrý gaskonský grifón,48–57 cm,,Duriče stredných plemien,/media/articles/2026/4dd3193c-23c3-474b-be04-5e098ad47d66.webp,chybajuca verejna hmotnost; editorial_complete=0,200,image/webp
299,nemecky-duric,Nemecký durič,40–53 cm,,Duriče malých plemien,/media/articles/2026/ae497f76-3485-40a8-a907-2399851d8f26.jpg,chybajuca verejna hmotnost; editorial_complete=0,200,image/jpeg
17,nivernaisky-grifon,Nivernaiský grifón,53–62 cm,,Duriče stredných plemien,/media/articles/2026/3e8c9eb6-6bdd-4f41-9be3-22f80b967c63.png,chybajuca verejna hmotnost; editorial_complete=0,200,image/png
34,normandsky-artezsky-basset,Normandský artézsky basset,30–36 cm,,Duriče malých plemien,/media/articles/2026/fa66da1f-2cc7-4f8d-ab18-b615146b507b.jpg,chybajuca verejna hmotnost; editorial_complete=0,200,image/jpeg
203,norsky-duric-dunker,Nórsky durič (Dunker),47–58 cm,,Duriče stredných plemien,/media/articles/2026/c42c0893-c317-4200-bda7-1b50a8c27d69.jpg,chybajuca verejna hmotnost; editorial_complete=0,200,image/jpeg
294,otterhound,Otterhound,61–69 cm,,Duriče veľkých plemien,/media/articles/2026/e4ef75c9-6fd8-48ab-9ae5-5c1e19c6cf94.jpg,chybajuca verejna hmotnost; editorial_complete=0,200,image/jpeg
67,petit-basset-griffon-vendeen,Petit Basset Griffon Vendéen,34–38 cm,,Duriče malých plemien,/media/articles/2026/193d23ab-dd50-461d-8da7-87c1efd24cbe.jpg,chybajuca verejna hmotnost; editorial_complete=0,200,image/jpeg
66,plavy-bretonsky-grifon,Plavý bretónsky grifón,47–56 cm,,Duriče stredných plemien,/media/articles/2026/1655e19c-3188-4706-9430-95ae1781e9b1.png,chybajuca verejna hmotnost; editorial_complete=0,200,image/png
24,poitevin,Poitevin,60–72 cm,,Duriče veľkých plemien,/media/articles/2026/e682a1c4-10e6-4f30-9993-22ab0855f72b.jpg,chybajuca verejna hmotnost; editorial_complete=0,200,image/jpeg
30,porcelaine,Porcelaine,53–58 cm,,Duriče stredných plemien,/media/articles/2026/94b0674b-06b7-45af-80d8-1b15f6029964.jpg,chybajuca verejna hmotnost; editorial_complete=0,200,image/jpeg
154,posavsky-duric,Posávsky durič,46–58 cm,,Duriče stredných plemien,/media/articles/2026/78e76b15-bca3-480e-b180-a058181e3411.jpg,chybajuca verejna hmotnost; editorial_complete=0,200,image/jpeg
52,polsky-ogar,Poľský ogar,55–65 cm,20–32 kg,Duriče veľkých plemien,/media/articles/2026/5b8f3630-3ff4-44ed-9663-dc4e14dadd2a.jpg,editorial_complete=0,200,image/jpeg
354,polsky-polovnicky-pes,Poľský poľovnícky pes,50–59 cm,,Duriče stredných plemien,/media/articles/2026/3901a2f7-1e23-4c71-bb6a-7de06551aba4.jpg,chybajuca verejna hmotnost; editorial_complete=0,200,image/jpeg
63,rakusky-cierno-paleny-duric,Rakúsky čierno-pálený durič,48–56 cm,,Duriče stredných plemien,/media/articles/2026/5ca40cda-b55f-4259-8ada-eea5b2fe879e.png,chybajuca verejna hmotnost; editorial_complete=0,200,image/png
146,rodezsky-ridgeback,Rodézsky ridgeback,61–69 cm,"32–36,5 kg",Príbuzné plemená,/media/articles/2026/c609c91e-adf5-4606-8a38-a94d4b3eb940.jpg,editorial_complete=0,200,image/jpeg
131,schillerstovare,Schillerstövare,49–61 cm,,Duriče stredných plemien,/media/articles/2026/dc84e33d-c693-4cb1-a794-976829b9c2bc.jpg,chybajuca verejna hmotnost; editorial_complete=0,200,image/jpeg
244,slovensky-kopov,Slovenský kopov,40–50 cm,15–20 kg,Duriče stredných plemien,/media/articles/2026/1eaa5d5c-7eb9-453a-a517-e41faaece1af.jpg,editorial_complete=0,200,image/jpeg
129,smalandsky-duric,Smålandský durič,42–54 cm,,Duriče stredných plemien,/media/articles/2026/8c078660-fc51-4978-a870-3dc640b672bd.jpg,chybajuca verejna hmotnost; editorial_complete=0,200,image/jpeg
150,srbsky-duric,Srbský durič,44–56 cm,,Duriče stredných plemien,/media/articles/2026/2ce11956-a5f7-43ef-8708-ed984fc399b5.webp,chybajuca verejna hmotnost; editorial_complete=0,200,image/webp
229,srbsky-trojfarebny-duric,Srbský trojfarebný durič,44–55 cm,,Duriče stredných plemien,/media/articles/2026/e62f5ca3-b976-4341-9dde-38aa80290c2e.jpg,chybajuca verejna hmotnost; editorial_complete=0,200,image/jpeg
325,stredne-velky-anglo-francuzsky-duric,Stredne veľký anglo-francúzsky durič,46–58 cm,,Duriče stredných plemien,/media/articles/2026/f39235f1-f04b-48f3-b7f1-ef4088f5cec5.jpg,chybajuca verejna hmotnost; editorial_complete=0,200,image/jpeg
198,taliansky-hrubosrsty-segugio,Taliansky hrubosrstý segugio,50–60 cm,,Duriče stredných plemien,/media/articles/2026/d817d94a-40c8-4b7b-a431-9255223e1b8b.webp,chybajuca verejna hmotnost; editorial_complete=0,200,image/webp
337,taliansky-kratkosrsty-segugio,Taliansky krátkosrstý segugio,48–58 cm,,Duriče stredných plemien,/media/articles/2026/20ef84e8-0fb8-47b4-9146-fb0715e8c7a5.jpg,chybajuca verejna hmotnost; editorial_complete=0,200,image/jpeg
68,tirolsky-duric,Tirolský durič,42–50 cm,,Duriče stredných plemien,/media/articles/2026/49e2a5ae-f88d-44e0-9afc-c2aae95e5d97.jpg,chybajuca verejna hmotnost; editorial_complete=0,200,image/jpeg
241,transylvansky-duric,Transylvánsky durič,55–65 cm,,Duriče stredných plemien,/media/articles/2026/18b28be6-3aa1-4c76-85f4-97bf50e1aa84.jpg,chybajuca verejna hmotnost; editorial_complete=0,200,image/jpeg
100,vestfalsky-jazvecikovity-duric,Vestfálsky jazvečíkovitý durič,30–38 cm,,Duriče malých plemien,/media/articles/2026/de72bfae-037d-4f16-8dea-23da080af087.webp,chybajuca verejna hmotnost; editorial_complete=0,200,image/webp
324,velky-anglo-francuzsky-bielo-oranzovy-duric,Veľký anglo-francúzsky bielo-oranžový durič,60–70 cm,,Duriče veľkých plemien,/media/articles/2026/1774f7ce-ac94-45e0-aa65-2f7654f5295d.webp,chybajuca verejna hmotnost; editorial_complete=0,200,image/webp
323,velky-anglo-francuzsky-bielo-cierny-duric,Veľký anglo-francúzsky bielo-čierny durič,62–72 cm,,Duriče veľkých plemien,/media/articles/2026/602f74dc-7556-4835-9867-26adb88b5dfc.png,chybajuca verejna hmotnost; editorial_complete=0,200,image/png
322,velky-anglo-francuzsky-trikolorny-duric,Veľký anglo-francúzsky trikolórny durič,60–70 cm,,Duriče veľkých plemien,/media/articles/2026/6d6fd4bd-aad4-401d-a437-ae517c90cb8c.jpg,chybajuca verejna hmotnost; editorial_complete=0,200,image/jpeg
22,velky-modry-gaskonsky-duric,Veľký modrý gaskonský durič,62–72 cm,,Duriče veľkých plemien,/media/articles/2026/2bd23f17-0c2d-4b67-86f5-f62aac676bac.webp,chybajuca verejna hmotnost; editorial_complete=0,200,image/webp
282,velky-vendeesky-grifon,Veľký vendéeský grifón,60–68 cm,,Duriče veľkých plemien,/media/articles/2026/82280f6b-72fb-406e-87d6-133c0046c43e.webp,chybajuca verejna hmotnost; editorial_complete=0,200,image/webp
279,ciernohorsky-horsky-duric,Čiernohorský horský durič,44–54 cm,,Duriče stredných plemien,/media/articles/2026/3a5a5403-81dc-491c-972b-d0f85d9e6e1d.png,chybajuca verejna hmotnost; editorial_complete=0,200,image/png
300,cierny-a-paleny-coonhound,Čierny a pálený coonhound,"58–68,5 cm",,Duriče veľkých plemien,/media/articles/2026/66db9121-752e-42dc-9c6b-d557eb0a3061.webp,chybajuca verejna hmotnost; editorial_complete=0,200,image/webp
204,spanielsky-duric,Španielsky durič,48–57 cm,,Duriče stredných plemien,/media/articles/2026/0722f923-4e7a-4b2c-b06a-73e3d3b13249.webp,chybajuca verejna hmotnost; editorial_complete=0,200,image/webp
62,stajersky-hrubosrsty-duric,Štajerský hrubosrstý durič,45–53 cm,,Duriče stredných plemien,/media/articles/2026/5f2f57bd-ad5d-46f7-bc76-193bcabdb2a3.jpg,chybajuca verejna hmotnost; editorial_complete=0,200,image/jpeg
59,svajciarsky-duric,Švajčiarsky durič,47–59 cm,,Duriče stredných plemien,/media/articles/2026/feef8280-a2eb-4074-a0d1-0cd9aed5f32f.jpg,chybajuca verejna hmotnost; editorial_complete=0,200,image/jpeg
1,anglicky-pointer,Anglický pointer,61–69 cm,,Britské a írske stavače a setre – pointer,/media/articles/2026/2647d2d6-f1f8-4b11-9cb4-fa96f1dafc3c.png,chybajuca verejna hmotnost; editorial_complete=0,200,image/png
2,anglicky-seter,Anglický seter,61–68 cm,,Britské a írske stavače a setre – seter,/media/articles/2026/85e08c17-72b1-43cd-b0ba-7fe7a284238f.jpg,chybajuca verejna hmotnost; editorial_complete=0,200,image/jpeg
177,ariezsky-stavac,Ariéžsky stavač,54–65 cm,,Kontinentálne stavače – typ braka,/media/articles/2026/175e5e5b-1b2b-40f4-ac27-d2b8fdf36829.webp,chybajuca verejna hmotnost; editorial_complete=0,200,image/webp
180,auvergnesky-stavac,Auvergneský stavač,53–63 cm,,Kontinentálne stavače – typ braka,/media/articles/2026/3d903279-d956-4f96-bea7-91258d2e1a2d.jpg,chybajuca verejna hmotnost; editorial_complete=0,200,image/jpeg
179,bourbonsky-stavac,Bourbonský stavač,48–57 cm,,Kontinentálne stavače – typ braka,/media/articles/2026/79f0a27d-8531-4731-8b28-9b750110efaf.jpg,chybajuca verejna hmotnost; editorial_complete=0,200,image/jpeg
202,bracco-italiano,Bracco Italiano,55–67 cm,25–40 kg,Kontinentálne stavače – typ braka,/media/articles/2026/30c89415-2263-4df8-8f5e-4fd634f1007d.jpg,editorial_complete=0,200,image/jpeg
95,bretonsky-spaniel,Bretónsky španiel,47–51 cm,,Kontinentálne stavače – typ španiela,/media/articles/2026/caa2829e-b2c8-4dfe-bac3-59be0ad1fcac.jpg,chybajuca verejna hmotnost; editorial_complete=0,200,image/jpeg
90,burgosky-stavac,Burgoský stavač,,,Kontinentálne stavače – typ braka,/media/articles/2026/14e1bbbb-e6d6-45e7-8dfc-9ae6d0aa2d4a.webp,chybajuca verejna vyska; chybajuca verejna hmotnost; editorial_complete=0,200,image/webp
224,drentsky-jarabici-pes,Drentský jarabičí pes,55–63 cm,25–35 kg,Kontinentálne stavače – typ španiela,/media/articles/2026/79488c58-e47d-4dd8-918e-6c4161b2c5ac.webp,editorial_complete=0,200,image/webp
133,francuzsky-stavac-gaskonsky-typ,Francúzsky stavač – gaskonský typ,58–69 cm,,Kontinentálne stavače – typ braka,/media/articles/2026/a2204cae-656f-4755-8761-98662f9c7291.jpg,chybajuca verejna hmotnost; editorial_complete=0,200,image/jpeg
134,francuzsky-stavac-pyrenejsky-typ,Francúzsky stavač – pyrenejský typ,49–58 cm,,Kontinentálne stavače – typ braka,/media/articles/2026/b7025cdb-1f8f-4635-b48f-eccbafea1125.jpg,chybajuca verejna hmotnost; editorial_complete=0,200,image/jpeg
175,francuzsky-spaniel,Francúzsky španiel,55–61 cm,,Kontinentálne stavače – typ španiela,/media/articles/2026/0b1869f3-4fce-4b90-b86c-11f889db2f26.jpg,chybajuca verejna hmotnost; editorial_complete=0,200,image/jpeg
6,gordon-seter,Gordon seter,62–66 cm,"25,5–29,5 kg",Britské a írske stavače a setre – seter,/media/articles/2026/4b660a4e-e2af-41b5-9142-d7d51ea721db.jpg,editorial_complete=0,200,image/jpeg
107,korthalsov-hrubosrsty-grifon,Korthalsov hrubosrstý grifón,50–60 cm,,Kontinentálne stavače – typ grifóna,/media/articles/2026/4c348325-8e59-4818-aa37-ec64132a225a.jpg,chybajuca verejna hmotnost; editorial_complete=0,200,image/jpeg
102,maly-munsterlandsky-stavac,Malý münsterlandský stavač,50–56 cm,,Kontinentálne stavače – typ španiela,/media/articles/2026/aebe57f4-e9c2-400d-ab4c-61b88fdaeed5.jpg,chybajuca verejna hmotnost; editorial_complete=0,200,image/jpeg
239,madarsky-drotsrsty-stavac,Maďarský drôtosrstý stavač,54–64 cm,,Kontinentálne stavače – typ braka,/media/articles/2026/7aefdddb-96fd-461b-b336-35009ac2d93d.jpg,chybajuca verejna hmotnost; editorial_complete=0,200,image/jpeg
57,madarsky-kratkosrsty-stavac-vyzla,Maďarský krátkosrstý stavač (vyžla),54–64 cm,,Kontinentálne stavače – typ braka,/media/articles/2026/aab80b82-10f5-492d-8d9d-f4ae6808b77f.jpg,chybajuca verejna hmotnost; editorial_complete=0,200,image/jpeg
106,modry-pikardsky-spaniel,Modrý pikardský španiel,55–62 cm,,Kontinentálne stavače – typ španiela,/media/articles/2026/64703fe3-38f5-4955-8d18-9c02d2f5641c.jpg,chybajuca verejna hmotnost; editorial_complete=0,200,image/jpeg
117,nemecky-dlhosrsty-stavac,Nemecký dlhosrstý stavač,58–70 cm,,Kontinentálne stavače – typ španiela,/media/articles/2026/061cbc88-bc09-47e2-89bb-7b6461e8ad14.jpg,chybajuca verejna hmotnost; editorial_complete=0,200,image/jpeg
98,nemecky-drotsrsty-stavac,Nemecký drôtosrstý stavač,57–68 cm,,Kontinentálne stavače – typ braka,/media/articles/2026/9884eb05-13fa-4d78-83ef-eecf6ff9f76e.png,chybajuca verejna hmotnost; editorial_complete=0,200,image/png
119,nemecky-kratkosrsty-stavac,Nemecký krátkosrstý stavač,58–66 cm,,Kontinentálne stavače – typ braka,/media/articles/2026/3fdd5b01-923c-4797-9568-0f57b03c6c06.jpg,chybajuca verejna hmotnost; editorial_complete=0,200,image/jpeg
232,nemecky-ostnosrsty-stavac,Nemecký ostnosrstý stavač,58–70 cm,,Kontinentálne stavače – typ braka,/media/articles/2026/856053f2-0467-490c-9da6-4864ab180f39.jpg,chybajuca verejna hmotnost; editorial_complete=0,200,image/jpeg
108,pikardsky-spaniel,Pikardský španiel,55–62 cm,,Kontinentálne stavače – typ španiela,/media/articles/2026/32ceefe0-1874-4673-9c49-cc6ebae6b3b3.jpg,chybajuca verejna hmotnost; editorial_complete=0,200,image/jpeg
114,pont-audemersky-spaniel,Pont-Audemerský španiel,52–58 cm,,Kontinentálne stavače – typ španiela,/media/articles/2026/448f67f1-ec75-4174-b54f-b01496582171.webp,chybajuca verejna hmotnost; editorial_complete=0,200,image/webp
187,portugalsky-stavac,Portugalský stavač,48–60 cm,16–27 kg,Kontinentálne stavače – typ braka,/media/articles/2026/f040d4f2-548d-4988-8abb-13db4f939db2.jpg,editorial_complete=0,200,image/jpeg
216,pudelpointer,Pudelpointer,55–68 cm,,Kontinentálne stavače – typ braka,/media/articles/2026/1ead7963-014e-4da1-9dbe-d8ac0dd3cfc2.webp,chybajuca verejna hmotnost; editorial_complete=0,200,image/webp
115,saint-germainsky-stavac,Saint-germainský stavač,54–62 cm,,Kontinentálne stavače – typ braka,/media/articles/2026/4f908c2e-3bf9-42ff-a0ea-2f99daaba13f.jpg,chybajuca verejna hmotnost; editorial_complete=0,200,image/jpeg
320,slovensky-hrubosrsty-stavac,Slovenský hrubosrstý stavač,57–68 cm,,Kontinentálne stavače – typ braka,/media/articles/2026/51fd7702-1b47-4cdf-a614-20490d1f55be.jpg,chybajuca verejna hmotnost; editorial_complete=0,200,image/jpeg
222,stabijhoun,Stabijhoun,48–53 cm,18–27 kg,Kontinentálne stavače – typ španiela,/media/articles/2026/842f4924-f212-465a-a7d4-1efdf5b53722.jpg,editorial_complete=0,200,image/jpeg
281,starodansky-stavac,Starodánsky stavač,50–60 cm,26–35 kg,Kontinentálne stavače – typ braka,/media/articles/2026/2050410c-5cad-44cf-bfc9-b20bde0cc648.jpg,editorial_complete=0,200,image/jpeg
165,taliansky-spinone,Taliansky spinone,58–70 cm,28–37 kg,Kontinentálne stavače – typ grifóna,/media/articles/2026/c143b201-5d9c-4c1c-a18a-03a5ca389d37.webp,editorial_complete=0,200,image/webp
118,velky-munsterlandsky-stavac,Veľký münsterlandský stavač,58–65 cm,,Kontinentálne stavače – typ španiela,/media/articles/2026/2540aaa4-4b5f-40fb-8e00-0fe4f922a8d5.jpg,chybajuca verejna hmotnost; editorial_complete=0,200,image/jpeg
99,weimarsky-stavac,Weimarský stavač,57–70 cm,25–40 kg,Kontinentálne stavače – typ braka,/media/articles/2026/17ccf937-ac00-4f0f-bd3f-57dc342b1a24.webp,editorial_complete=0,200,image/webp
330,irsky-cerveno-biely-seter,Írsky červeno-biely seter,57–66 cm,,Britské a írske stavače a setre – seter,/media/articles/2026/2a3e3f7a-2c33-43fa-b68c-b9f251b8ee64.jpg,chybajuca verejna hmotnost; editorial_complete=0,200,image/jpeg
120,irsky-cerveny-seter,Írsky červený seter,55–67 cm,,Britské a írske stavače a setre – seter,/media/articles/2026/a73f724a-8fd3-4d2f-b363-e1acd32f8782.jpg,chybajuca verejna hmotnost; editorial_complete=0,200,image/jpeg
245,cesky-fuzac,Český fúzač,58–66 cm,22–34 kg,Kontinentálne stavače – typ grifóna,/media/articles/2026/315842e9-ad4e-42a8-b6ab-4134a5e01e62.jpg,editorial_complete=0,200,image/jpeg
167,americky-kokerspaniel,Americký kokeršpaniel,"35,6–38,1 cm",,Sliediče,/media/articles/2026/91770456-1d26-4011-8fca-88f9c04487b0.jpg,chybajuca verejna hmotnost; editorial_complete=0,200,image/jpeg
301,americky-vodny-spaniel,Americký vodný španiel,38–46 cm,"11,3–20,4 kg",Vodné psy,/media/articles/2026/7074bb78-b288-4e79-b446-818905a9359e.webp,editorial_complete=0,200,image/webp
125,anglicky-springerspaniel,Anglický špringeršpaniel,51 cm,,Sliediče,/media/articles/2026/a42a0cde-49bf-489d-93fa-40f9ec8ccb22.avif,chybajuca verejna hmotnost; editorial_complete=0,200,image/avif
105,barbet,Barbet,53–65 cm,,Vodné psy,/media/articles/2026/67abab74-4914-444f-9beb-e6438841a9e7.webp,chybajuca verejna hmotnost; editorial_complete=0,200,image/webp
263,chesapeake-bay-retriever,Chesapeake Bay retriever,53–66 cm,"25–36,5 kg",Retrievery,/media/articles/2026/8ec4b38c-5816-440d-8b98-64bfa6e481ee.webp,editorial_complete=0,200,image/webp
109,clumber-spaniel,Clumber španiel,,25–34 kg,Sliediče,/media/articles/2026/9004bde4-64da-431b-ad1f-b034e4b98e07.png,chybajuca verejna vyska; editorial_complete=0,200,image/png
123,field-spaniel,Field španiel,46 cm,18–25 kg,Sliediče,/media/articles/2026/1b7cc900-d9d7-4a3d-b436-3a92a0f353de.jpg,editorial_complete=0,200,image/jpeg
121,hladkosrsty-retriever,Hladkosrstý retriever,"56,5–61,5 cm",25–36 kg,Retrievery,/media/articles/2026/87c6d558-3833-41dd-9230-13cbd4148130.png,editorial_complete=0,200,image/png
110,kuceravy-retriever,Kučeravý retriever,64–69 cm,,Retrievery,/media/articles/2026/0924f400-4446-4269-996c-4d59131cd3eb.webp,chybajuca verejna hmotnost; editorial_complete=0,200,image/webp
122,labradorsky-retriever,Labradorský retriever,54–57 cm,25–36 kg,Retrievery,/media/articles/2026/bbed41e5-9a3c-4a00-a5e6-b9ede87b23d9.png,editorial_complete=0,200,image/png
298,lagotto-romagnolo,Lagotto Romagnolo,41–48 cm,11–16 kg,Vodné psy,/media/articles/2026/dddf0171-5262-477a-8e34-53724564b993.jpg,editorial_complete=0,200,image/jpeg
314,nederlandse-kooikerhondje,Nederlandse Kooikerhondje,38–40 cm,,Sliediče,/media/articles/2026/72568bfd-8e55-4304-b83c-7f0d6b30f6dd.jpg,chybajuca verejna hmotnost; editorial_complete=0,200,image/jpeg
104,nemecky-prepeliciar,Nemecký prepeličiar,45–54 cm,18–25 kg,Sliediče,/media/articles/2026/c53172ea-655e-4bca-9718-b8ef93948d61.jpg,editorial_complete=0,200,image/jpeg
312,nova-scotia-duck-tolling-retriever,Nova Scotia Duck Tolling Retriever,45–51 cm,17–23 kg,Retrievery,/media/articles/2026/4aeddb7d-dd89-4990-8b7e-5ac148035071.png,editorial_complete=0,200,image/png
37,portugalsky-vodny-pes,Portugalský vodný pes,43–57 cm,16–25 kg,Vodné psy,/media/articles/2026/f1164451-c0bd-4e2f-a698-4110a9d692a5.webp,editorial_complete=0,200,image/webp
127,sussex-spaniel,Sussex španiel,38–41 cm,23 kg,Sliediče,/media/articles/2026/467ce6ba-0de3-4872-b3eb-cdc66991dc9a.avif,editorial_complete=0,200,image/avif
126,walesky-springerspaniel,Waleský špringeršpaniel,46–48 cm,,Sliediče,/media/articles/2026/f83d6651-d904-4b80-b0af-02e7a9ef0c25.jpg,chybajuca verejna hmotnost; editorial_complete=0,200,image/jpeg
221,wetterhoun,Wetterhoun,55–59 cm,28–34 kg,Vodné psy,/media/articles/2026/8910575b-84ed-4a9f-8379-eb810b061bb7.jpg,editorial_complete=0,200,image/jpeg
111,zlaty-retriever,Zlatý retriever,51–61 cm,25–34 kg,Retrievery,/media/articles/2026/462ae992-7111-472a-8161-aa28cd8ff3c7.png,editorial_complete=0,200,image/png
124,irsky-vodny-spaniel,Írsky vodný španiel,51–59 cm,,Vodné psy,/media/articles/2026/28caa463-18fd-4c15-8168-bbf820289574.jpg,chybajuca verejna hmotnost; editorial_complete=0,200,image/jpeg
336,spanielsky-vodny-pes,Španielsky vodný pes,40–50 cm,14–22 kg,Vodné psy,/media/articles/2026/c6da9288-be7a-494a-a0e6-fd26b4c44b4d.jpg,editorial_complete=0,200,image/jpeg
81,belgicky-grifon,Belgický grifón,,"3,5–6 kg",Grifóny,/media/articles/2026/78790772-7e70-49d8-82a1-2c46c7515bc4.jpg,chybajuca verejna vyska; editorial_complete=0,200,image/jpeg
215,bison-frise,Bišon frisé,23–29 cm,5 kg,Bišóny,/media/articles/2026/a2b6f18e-c3b8-4c8f-aece-51ec892a5b67.jpg,editorial_complete=0,200,image/jpeg
196,bolonsky-psik,Boloňský psík,25–30 cm,"2,5–4 kg",Bišóny,/media/articles/2026/b44d9e1b-982f-42a6-91f9-537dda03866a.jpg,editorial_complete=0,200,image/jpeg
140,bostonsky-terier,Bostonský teriér,,"11,35 kg",Malé molosoidné psy,/media/articles/2026/2553082b-c5bf-418a-ad2c-44a4e875826d.jpg,chybajuca verejna vyska; editorial_complete=0,200,image/jpeg
80,bruselsky-grifon,Bruselský grifón,,"3,5–6 kg",Grifóny,/media/articles/2026/9c5a3b1e-353a-44e0-a7de-bd300980aa9b.webp,chybajuca verejna vyska; editorial_complete=0,200,image/webp
136,cavalier-king-charles-spaniel,Cavalier King Charles španiel,,"5,4–8 kg",Anglické spoločenské španiele,/media/articles/2026/9b97fbff-ee0f-4768-833a-02575e6c124b.jpg,chybajuca verejna vyska; editorial_complete=0,200,image/jpeg
283,coton-de-tulear,Coton de Tuléar,23–28 cm,"3,5–6 kg",Coton de Tuléar,/media/articles/2026/608051e5-41f6-498a-bf25-ec1c330f948f.jpg,editorial_complete=0,200,image/jpeg
101,francuzsky-buldocek,Francúzsky buldoček,24–35 cm,8–14 kg,Malé molosoidné psy,/images/breeds/francuzsky-buldocek.webp,editorial_complete=0,200,image/webp
250,havansky-psik,Havanský psík,23–27 cm,,Bišóny,/media/articles/2026/214ba614-a4de-484f-836a-c96cb3c919ee.jpg,chybajuca verejna hmotnost; editorial_complete=0,200,image/jpeg
206,japonsky-cin,Japonský čin,25 cm,,Japonský chin a pekinský palácový psík,/media/articles/2026/fead7424-d44f-4c0c-9891-6b971eac16a9.webp,chybajuca verejna hmotnost; editorial_complete=0,200,image/webp
128,king-charles-spaniel,King Charles španiel,,"3,6–6,3 kg",Anglické spoločenské španiele,/media/articles/2026/edc3e322-68d3-4efa-827e-bbc9d2f4c444.png,chybajuca verejna vyska; editorial_complete=0,200,image/png
77,kontinentalny-toy-spaniel,Kontinentálny toy španiel,28 cm,"1,5–5 kg",Kontinentálny spoločenský španiel a ďalšie plemená,/media/articles/2026/a07b8be7-b5a8-4233-bd17-bdcebb3f66c7.jpg,editorial_complete=0,200,image/jpeg
192,kromfohrlander,Kromfohrländer,38–46 cm,9–16 kg,Kromfohrländer,/media/articles/2026/b71efa4d-0af5-42a0-8a9b-4e3a735fd00f.jpg,editorial_complete=0,200,image/jpeg
233,levi-pes-petit-chien-lion,Levíček,26–32 cm,6 kg,Levíček,/media/articles/2026/abda1762-2ded-432b-bd2b-a3db31a75aa6.jpg,editorial_complete=0,200,image/jpeg
227,lhasa-apso,Lhasa Apso,25 cm,,Tibetské plemená,/media/articles/2026/18e094e2-dcbd-4642-bf6c-89a5721517c9.webp,chybajuca verejna hmotnost; editorial_complete=0,200,image/webp
65,maltezsky-psik,Maltézsky psík,20–25 cm,3–4 kg,Bišóny,/media/articles/2026/9e2e27fa-07b3-41fb-aeba-10e4873900d3.jpg,editorial_complete=0,200,image/jpeg
253,mops,Mops,,"6,3–8,1 kg",Malé molosoidné psy,/media/articles/2026/32f19301-4bdd-419c-b2d9-69144b91e0c6.jpg,chybajuca verejna vyska; editorial_complete=0,200,image/jpeg
207,pekingsky-palacovy-psik,Pekinský palácový psík,,"5–5,4 kg",Japonský chin a pekinský palácový psík,/media/articles/2026/6dbd2f35-2efa-4351-be8c-aa309856b525.jpg,chybajuca verejna vyska; editorial_complete=0,200,image/jpeg
82,petit-brabancon,Petit Brabançon,,"3,5–6 kg",Petit Brabançon,/media/articles/2026/d5a92716-711b-42eb-8e04-ea7d03257b7f.webp,chybajuca verejna vyska; editorial_complete=0,200,image/webp
172,pudel,Pudel,24–62 cm,,Pudle,/media/articles/2026/d0c32509-35b2-4a7c-8677-d29da87602b1.jpg,chybajuca verejna hmotnost; editorial_complete=0,200,image/jpeg
352,rusky-toy,Ruský toy,22–27 cm,3 kg,Kontinentálny spoločenský španiel a ďalšie plemená,/media/articles/2026/59f3a0f1-b515-4fd9-a884-ea184dff629b.jpg,editorial_complete=0,200,image/jpeg
208,shih-tzu,Shih Tzu,27 cm,"4,5–8 kg",Tibetské plemená,/media/articles/2026/8bf4637b-0b63-4543-bb30-9a40e2d871f6.jpg,editorial_complete=0,200,image/jpeg
209,tibetsky-terier,Tibetský teriér,36–41 cm,,Tibetské plemená,/media/articles/2026/7f5d3701-29ee-4c38-b9cc-d5448ac96384.jpg,chybajuca verejna hmotnost; editorial_complete=0,200,image/jpeg
231,tibetsky-spaniel,Tibetský španiel,"25,4 cm","4,1–6,8 kg",Tibetské plemená,/media/articles/2026/7e6d3dbb-93ea-4527-9f71-f5865aafc58a.jpg,editorial_complete=0,200,image/jpeg
218,civava,Čivava,,1–3 kg,Čivava,/media/articles/2026/fecce3b2-51ef-4182-981f-b84183bd5b66.jpg,chybajuca verejna vyska; editorial_complete=0,200,image/jpeg
288,cinsky-chocholaty-pes,Čínsky chocholatý pes,23–33 cm,,Bezsrsté psy,/media/articles/2026/e705182b-5485-4532-bd63-3fb9e2df028d.jpg,chybajuca verejna hmotnost; editorial_complete=0,200,image/jpeg
228,afgansky-chrt,Afganský chrt,63–74 cm,,Dlhosrsté alebo strapcovité chrty,/media/articles/2026/fad1048b-13e8-441b-89eb-48574ab6d503.png,chybajuca verejna hmotnost; editorial_complete=0,200,image/png
307,azavak,Azavak,60–74 cm,15–25 kg,Krátkosrsté chrty,/media/articles/2026/59cd6cbe-5315-4f2c-acab-c6cd93ec2c1e.png,editorial_complete=0,200,image/png
158,greyhound,Greyhound,68–76 cm,,Krátkosrsté chrty,/media/articles/2026/cd48a0a5-da35-41d6-832e-57821ef7b0b9.png,chybajuca verejna hmotnost; editorial_complete=0,200,image/png
240,madarsky-chrt,Maďarský chrt,62–70 cm,,Krátkosrsté chrty,/media/articles/2026/e62bbf34-d6f7-461a-8232-24ca32f77bc7.png,chybajuca verejna hmotnost; editorial_complete=0,200,image/png
333,polsky-chrt,Poľský chrt,68–80 cm,,Krátkosrsté chrty,/media/articles/2026/d1f03351-2b2c-4f6d-8630-fe6841fca1f8.webp,chybajuca verejna hmotnost; editorial_complete=0,200,image/webp
193,rusky-chrt-barzoj,Ruský chrt – barzoj,68–85 cm,,Dlhosrsté alebo strapcovité chrty,/media/articles/2026/2733903b-f8c8-41f5-95e5-eb1f3b2c9b37.jpg,chybajuca verejna hmotnost; editorial_complete=0,200,image/jpeg
269,saluki,Saluki,58–71 cm,,Dlhosrsté alebo strapcovité chrty,/media/articles/2026/98d5191a-12f4-4d2e-8400-2d625f562f1a.png,chybajuca verejna hmotnost; editorial_complete=0,200,image/png
188,sloughi,Sloughi,61–72 cm,,Krátkosrsté chrty,/media/articles/2026/c6918ce8-058d-4de9-a392-56e8562f3931.png,chybajuca verejna hmotnost; editorial_complete=0,200,image/png
200,taliansky-chrtik,Taliansky chrtík,32–38 cm,5 kg,Krátkosrsté chrty,/media/articles/2026/cf4e5358-d7d3-494d-8a02-91f66cf56851.jpg,editorial_complete=0,200,image/jpeg
162,whippet,Whippet,"psy približne 47–51 cm, sučky približne 44–47 cm",11–18 kg,Krátkosrsté chrty,/images/breeds/whippet.webp,editorial_complete=0,200,image/webp
160,irsky-vlkodav,Írsky vlkodav,71–79 cm,"40,5–54,5 kg",Hrubosrsté chrty,/media/articles/2026/6f60e507-40d5-455d-9db1-104c7a1cddda.png,editorial_complete=0,200,image/png
164,skotsky-jeleni-pes,Škótsky jelení pes,71–76 cm,"36,5–45,5 kg",Hrubosrsté chrty,/media/articles/2026/3b1c1383-d6d2-44a7-9811-06b99feca9a0.webp,editorial_complete=0,200,image/webp
285,spanielsky-galgo,Španielsky galgo,60–70 cm,,Krátkosrsté chrty,/media/articles/2026/72b9731f-9f0c-4d71-82b2-9ae4f90f0af2.png,chybajuca verejna hmotnost; editorial_complete=0,200,image/png
